	artist_id	artist	n_songs_played
0	0	-	93
1	1	.38 Special	47
2	2	10 Years	152
3	3	2Pac	146
4	4	3 Doors Down	274
5	5	311	32
6	6	3rd Force	21
7	7	50 Cent	66
8	8	A Day To Remember	63
9	9	A Perfect Circle	33
10	10	A-Ha	39
11	11	A. Green	256
12	12	AC\/DC	888
13	13	ALX Villarreal	43
14	14	Aaliyah	46
15	15	Aaron Lewis	36
16	16	Aaron Neville	43
17	17	Aaron Shust	138
18	18	Aaron Tippin	21
19	19	Abba	39
20	20	Ace	112
21	21	Ace Hood	106
22	22	Ace Of Base	20
23	23	Acoustic Alchemy	21
24	24	Adam Lambert	95
25	25	Addison Road	166
26	26	Adele	217
27	27	Aerosmith	567
28	28	Aiden	29
29	29	Akon	59
30	30	Al B. Sure!	29
31	31	Al Green	69
32	32	Al Jarreau	30
33	33	Alabama	140
34	34	Alacranes Musical	23
35	35	Alan Jackson	462
36	36	Alanis Morissette	71
37	37	Alannah Myles	27
38	38	Alejandro Fernandez	68
39	39	Alenadro Fernadez	41
40	40	Alex Cuba	33
41	41	Alex Sensation Vs. Omega	27
42	42	Alex, Jorge Y Lena	70
43	43	Alexandra Stan	20
44	44	Alexis & Fido	91
45	45	Alice In Chains	706
46	46	Alicia Keys	218
47	47	Alien Ant Farm	31
48	48	Alison Krauss	35
49	49	All That Remains	138
50	50	Alter Bridge	167
51	51	Alto Rango	24
52	52	America	58
53	53	Among The Thirsty	29
54	54	Amos Lee	48
55	55	Amy Grant	136
56	56	Ana Gabriel	21
57	57	Anberlin	116
58	58	Andrew Peterson	70
59	59	Andy Williams	25
60	60	Anita Baker	76
61	61	Anna Nalick	41
62	62	Annie Lennox	20
63	63	Apocalyptica	148
64	64	Art Of Dying	41
65	65	Ashton Shepherd	136
66	66	Aswad	29
67	67	Audio Adrenaline	31
68	68	Audioslave	121
69	69	Autograph	28
70	70	Avalon	43
71	71	Avenged Sevenfold	484
72	72	Aventura	148
73	73	Avril Lavigne	130
74	74	Awolnation	37
75	75	Ayeisha Woods	22
76	76	Ayiesha Woods	25
77	77	B.E.T.	78
78	78	B.o.B	216
79	79	B.o.B.	189
80	80	Baby Bash	132
81	81	Bachata Heightz	26
82	82	Bachman-Turner Overdrive	104
83	83	Backstreet Boys	27
84	84	Bad Company	114
85	85	Badfinger	21
86	86	Banda Culiacancito	30
87	87	Banda El Limon	77
88	88	Banda El Recodo	241
89	89	Banda El Recodo De Don Cruz Lizarraga	49
90	90	Banda La Costena	32
91	91	Banda Los Recoditos	157
92	92	Banda MS	89
93	93	Banda Machos	48
94	94	Banda San Jose De Mesillas	33
95	95	Banda Sinaloense MS	28
96	96	Barenaked Ladies	23
97	97	BarlowGirl	28
98	98	Barry White	29
99	99	Basia	20
100	100	Bayside	40
101	101	Bebe Winans & Cece Winans	43
102	102	Bebo Norman	111
103	103	Beck	75
104	104	Beckah Shae	54
105	105	Ben E. King	21
106	106	Benny Mardones	18
107	107	Beres Hammond	95
108	108	Berlin	31
109	109	Bernie Williams	78
110	110	Beto Y Sus Canarios	22
111	111	Beto Zapata	26
112	112	Beverly Crawford	134
113	113	Beyonce	181
114	114	Big & Rich	42
115	115	Big Daddy Weave	104
116	116	Big Mountain	52
117	117	Big Pun	27
118	118	Big Sean	118
119	119	Bill Medley	32
120	120	Bill Withers	108
121	121	Billy Currington	808
122	122	Billy Idol	110
123	123	Billy Joel	326
124	124	Billy Squier	55
125	125	Billy Talent	24
126	126	Bing Crosby	21
127	127	Birdman	139
128	128	Black Eyed Peas	615
129	129	Black Sabbath	180
130	130	Blake Aaron	50
131	131	Blake Shelton	831
132	132	Blind Melon	44
133	133	Blink-182	92
134	134	Blondie	75
135	135	Blue Oyster Cult	70
136	136	Blues Traveler	45
137	137	Bluetree	41
138	138	Blur	55
139	139	Bob James	23
140	140	Bob Marley & The Wailers	694
141	141	Bob Seger	28
142	142	Bob Seger & The Silver Bullet Band	139
143	143	Bobby Brackins	27
144	144	Bobby Caldwell	39
145	145	Bobby Helms	21
146	146	Bobby McFerrin	21
147	147	Bobby V	121
148	148	Bon Jovi	312
149	149	Boney James	92
150	150	Boney James & Rick Braun	21
151	151	Bonnie Raitt	86
152	152	Bonnie Tyler	23
153	153	Booker T. & The MG's	31
154	154	Boston	242
155	155	Bow Wow	58
156	156	Boz Scaggs	49
157	157	Brad Paisley	1292
158	158	Bradley Gaskin	19
159	159	Brandon Flowers	40
160	160	Brandon Heath	614
161	161	Brantley Gilbert	20
162	162	Breaking Benjamin	285
163	163	Brenda Lee	34
164	164	Brenda Russell	23
165	165	Brett Eldredge	111
166	166	Brian Bromberg	23
167	167	Brian C. Wilson	29
168	168	Brian Culbertson	158
169	169	Brian Littrell	21
170	170	Brian McKnight	50
171	171	Brian Simpson	25
172	172	Bright Eyes	23
173	173	Britney Spears	342
174	174	Britt Nicole	169
175	175	Broadway Calls	29
176	176	Bronco	128
177	177	Brooke Fraser	26
178	178	Brooks & Dunn	300
179	179	Bruce Hornsby & The Range	36
180	180	Bruce Springsteen	135
181	181	Bruno Mars	1597
182	182	Bryan Adams	167
183	183	Buckcherry	102
184	184	Buffalo Springfield	34
185	185	Building 429	76
186	186	Bullet For My Valentine	64
187	187	Burl Ives	35
188	188	Bush	330
189	189	Busta Rhymes	24
190	190	Butthole Surfers	24
191	191	By The Tree	57
192	192	Byron Cage	23
193	193	CHRIS AND CONRAD	24
194	194	Cage The Elephant	298
195	195	Cake	129
196	196	Cali Swag District	34
197	197	Calibre 50	105
198	198	California Swag District	103
199	199	Camila	208
200	200	Candlebox	102
201	201	Candy Dulfer	52
202	202	Cardenales De Nuevo Leon	81
203	203	Carlos Baute	104
204	204	Carlos Baute & Marta Sanchez	42
205	205	Carlos Y Alejandra	22
206	206	Carlos Y Jose	28
207	207	Carrie Underwood	685
208	208	Cassie	22
209	209	Casting Crowns	971
210	210	Cavo	24
211	211	Cee-Lo Green	273
212	212	Celine Dion	44
213	213	Celso Pina	37
214	214	Chad Brock	23
215	215	Charlie Wilson	39
216	216	Chasen	23
217	217	Chayanne	102
218	218	Cheap Trick	67
219	219	Cher	34
220	220	Chevelle	192
221	221	Chicago	159
222	222	Chino & Nacho	58
223	223	Chino Y Nacho	34
224	224	Chris And Conrad	116
225	225	Chris August	322
226	226	Chris Botti	27
227	227	Chris Brown	1292
228	228	Chris Brown & Tyga	362
229	229	Chris Cagle	40
230	230	Chris Isaak	23
231	231	Chris Rice	23
232	232	Chris Sligh	19
233	233	Chris Standring	94
234	234	Chris Tomlin	1146
235	235	Chris Young	642
236	236	Christina Aguilera	70
237	237	Christina Perri	134
238	238	Chuck Mangione	26
239	239	Chuck Wicks	19
240	240	Chuy Lizarraga	21
241	241	Chuy Lizarraga Y Su Banda Tierra Sinaloense	46
242	242	Ciara	33
243	243	City And Colour	31
244	244	City On A Hill	51
245	245	Clay Walker	60
246	246	Club Nouveau	34
247	247	Coheed & Cambria	26
248	248	Colbie Caillat	274
249	249	Colby O'Donis	22
250	250	Cold	19
251	251	Coldplay	169
252	252	Collective Soul	154
253	253	Collie Buddz	92
254	254	Comeback Kid	34
255	255	Conjunto Atardecer	21
256	256	Conjunto Primavera	231
257	257	Corey Hart	44
258	258	Corinne Bailey Rae	91
259	259	Counting Crows	74
260	260	Cracker	59
261	261	Craig Campbell	174
262	262	Craig Chaquico	47
263	263	Craig Morgan	228
264	264	Craig Sharmat	43
265	265	Cream	28
266	266	Creed	124
267	267	Creedence Clearwater Revival	233
268	268	Cristian Castro	34
269	269	Crosby, Stills & Nash	21
270	270	Crossfade	44
271	271	Crowded House	31
272	272	Cumbre Nortena	57
273	273	Curb Records	99
274	274	Cutting Crew	41
275	275	Cyndi Lauper	93
276	276	D.H.T.	28
277	277	DJ Khaled	251
278	278	Daddy Yankee	72
279	279	Damian 'Junior Gong' Marley	123
280	280	Damm D	32
281	281	Dan Hartman	20
282	282	Dan Seals	21
283	283	Dancing Fantasy	20
284	284	Daniel Powter	50
285	285	Danzig	71
286	286	Dareyes De La Sierra	43
287	287	Darius Rucker	682
288	288	Darren Rahn	94
289	289	Darryl Worley	27
290	290	Daryl Hall & John Oates	149
291	291	Daughtry	509
292	292	Dave Barnes	94
293	293	Dave Brubeck	43
294	294	Dave Koz	122
295	295	Dave Koz & Dana Glover	54
296	296	Dave Matthews Band	21
297	297	David Benoit	89
298	298	David Bowie	23
299	299	David Cook	81
300	300	David Crowder Band	289
301	301	David G. Evans	21
302	302	David Gray	54
303	303	David Guetta	186
304	304	David Lee Murphy	48
305	305	David Nail	86
306	306	Dawn Penn	30
307	307	Days Of The New	54
308	308	Death Cab For Cutie	45
309	309	Deep Blue Something	40
310	310	Deep Purple	32
311	311	Def Leppard	418
312	312	Deftones	105
313	313	Del Amitri	41
314	314	Depeche Mode	43
315	315	Derek & The Dominos	26
316	316	Des'Ree	59
317	317	Destroy Rebuild Until God Shows	28
318	318	Detour 180	19
319	319	Dev	91
320	320	Dexy's Midnight Runners	24
321	321	Diamond Rio	86
322	322	Diana Krall	21
323	323	Diddy & Dirty Money	33
324	324	Diddy-Dirty Money	436
325	325	Dido	124
326	326	Diego Verdaguer	25
327	327	Dierks Bentley	392
328	328	Dio	139
329	329	Dire Straits	55
330	330	Disturbed	636
331	331	Doc Powell	23
332	332	Dom Omar	172
333	333	Don Henley	96
334	334	Don McLean	20
335	335	Don Omar	115
336	336	Donna Lewis	31
337	337	Dorrough Music	42
338	338	Down To The Bone	29
339	339	Downhere	120
340	340	Dr. Dre	338
341	341	Drake	720
342	342	Dropkick Murphys	61
343	343	Drowning Pool	134
344	344	Duelo	221
345	345	Duncan Sheik	38
346	346	Duran Duran	51
347	347	Dwight Yoakam	20
348	348	E-40	40
349	349	Earth, Wind & Fire	192
350	350	Easton Corbin	498
351	351	Eddie Money	73
352	352	Eddie Rabbitt	45
353	353	Edward Maya	78
354	354	Edwin McCain	67
355	355	Eek-A-Mouse	26
356	356	Egypt Central	37
357	357	Ekolu	256
358	358	El Bebeto	70
359	359	El Chapo De Sinaloa	120
360	360	El Coyote Y Su Banda Tierra Santa	30
361	361	El Guero Y Su Banda Centenario	27
362	362	El Potro De Sinaloa	38
363	363	El Trono De Mexico	187
364	364	Eli Young Band	44
365	365	Eliseo Robles	29
366	366	Elliott Yamin	21
367	367	Elton John	319
368	368	Emerson Drive	45
369	369	Eminem	388
370	370	Enigma	28
371	371	Enrique Iglesias	953
372	372	Eric Benet	27
373	373	Eric Church	283
374	374	Eric Clapton	289
375	375	Eric Darius	25
376	376	Escape The Fate	42
377	377	Escolta De Guerra	37
378	378	Espinoza Paz	254
379	379	Euge Groove	82
380	380	Eurythmics	76
381	381	Eva	20
382	382	Evanescence	53
383	383	Eve 6	27
384	384	Everclear	37
385	385	Everlast	34
386	386	Everything But The Girl	30
387	387	Extreme	40
388	388	FFH	56
389	389	Fabolous	367
390	390	Faith Hill	156
391	391	Faith No More	93
392	392	Fall Out Boy	43
393	393	Fantasia	49
394	394	Far East Movement	754
395	395	Fattburger	28
396	396	Fee	54
397	397	Fences	26
398	398	Fergie	72
399	399	Fidel Rueda	147
400	400	Fiji	108
401	401	Filter	67
402	402	Fine Young Cannibals	20
403	403	Finger Eleven	194
404	404	Fistful Of Mercy	20
405	405	Fito Blanko	20
406	406	Fitz & The Tantrums	62
407	407	Five Finger Death Punch	337
408	408	Five For Fighting	116
409	409	Fleetwood Mac	266
410	410	Flo-Rida	356
411	411	Flogging Molly	40
412	412	Florence & The Machine	104
413	413	Foghat	42
414	414	Foo Fighters	657
415	415	Foreigner	175
416	416	Forever Jones	83
417	417	Foster The People	75
418	418	Four 80 East	24
419	419	Fourplay	136
420	420	Francesca Battistelli	284
421	421	Frankie Ballard	28
422	422	Franz Ferdinand	23
423	423	Fred Hammond	26
424	424	Free	29
425	425	Fuego	47
426	426	Fuel	95
427	427	Garth Brooks	273
428	428	Gary Allan	105
429	429	Gary Wright	27
430	430	Gato Barbieri	21
431	431	Gavin DeGraw	32
432	432	Gavin Rossdale	48
433	433	Gena	91
434	434	Genesis	69
435	435	George Benson	192
436	436	George Jones	27
437	437	George Michael	79
438	438	George Strait	493
439	439	George Thorogood & The Destroyers	105
440	440	Georgia Satellites	24
441	441	Gerardo Ortiz	140
442	442	German Montero	87
443	443	Gerry Rafferty	25
444	444	Gin Blossoms	60
445	445	Ginuwine	31
446	446	Gladys Knight & The Pips	26
447	447	Gloria Estefan	20
448	448	Gloria Gaynor	25
449	449	Gloria Trevi	27
450	450	Gnarls Barkley	40
451	451	Gocho	51
452	452	Godsmack	549
453	453	Golden Earring	55
454	454	Goo Goo Dolls	206
455	455	Gorilla Zoe	135
456	456	Grand Funk	21
457	457	Grand Funk Railroad	55
458	458	Great White	25
459	459	Green Day	733
460	460	Greg Adams	44
461	461	Gregg Karukas	43
462	462	Gregory Isaacs	111
463	463	Gretchen Wilson	43
464	464	Grover Washington, Jr.	63
465	465	Grupo 10-4	23
466	466	Grupo Bryndis	101
467	467	Grupo Canaveral De Pabon	22
468	468	Grupo Innovacion	33
469	469	Grupo Limite	24
470	470	Grupo Mojado	27
471	471	Grupo Montez De Durango	130
472	472	Grupo Puente	22
473	473	Grupo Voz De Mando	36
474	474	Gucci Mane	49
475	475	Guns N' Roses	646
476	476	Guster	38
477	477	Gwen Stefani	53
478	478	Gwyneth Paltrow	31
479	479	Gyptian	63
480	480	Hail The Villain	62
481	481	Hank Williams, Jr.	23
482	482	Harry Chapin	22
483	483	Harvey Danger	28
484	484	Hawk Nelson	60
485	485	Heart	140
486	486	Heather Williams	134
487	487	Heatwave	21
488	488	Heavy Shift	24
489	489	Hector Acosta 'El Torito'	24
490	490	Hellyeah	23
491	491	Herb Alpert	23
492	492	Herbie Hancock	28
493	493	Hezekiah Walker	56
494	494	Hinder	40
495	495	Hiroshima	25
496	496	Ho'okoa	581
497	497	Hollywood Undead	94
498	498	Hoobastank	68
499	499	Hootie & The Blowfish	25
500	500	Howard Jones	21
501	501	Howie Day	46
502	502	Huey Dunbar	21
503	503	Hyland	28
504	504	INXS	28
505	505	Incubus	208
506	506	Ingrid Michaelson	21
507	507	Inik	47
508	508	Inner Circle	45
509	509	Intocable	546
510	510	Irene Cara	27
511	511	Iron & Wine	32
512	512	Iron Maiden	59
513	513	Israel Houghton	66
514	514	Israel Kamakawiwo'ole	25
515	515	J Boog	604
516	516	J. Cole	52
517	517	J. Holiday	30
518	518	J. Lo	172
519	519	Ja Rule	25
520	520	Jaci Velasquez	21
521	521	Jack Johnson	44
522	522	Jackiem Joyner	116
523	523	Jackson Browne	78
524	524	Jadon Lavik	65
525	525	Jagged Edge	21
526	526	Jake Owen	56
527	527	James Blunt	53
528	528	James Fortune & Fiya	131
529	529	James Otto	105
530	530	James Taylor	51
531	531	James Wesley	137
532	532	Jamey Johnson	21
533	533	Jamie Foxx	315
534	534	Jane's Addiction	107
535	535	Janis Joplin	20
536	536	Jaron & The Long Road to Love	34
537	537	Jars Of Clay	58
538	538	Jason Aldean	1008
539	539	Jason Castro	28
540	540	Jason DeRulo	209
541	541	Jason Gray	250
542	542	Jason Mraz	158
543	543	Jay Sean	79
544	544	Jay Soto	23
545	545	Jay-Z	284
546	546	Jazmine Sullivan	85
547	547	Jeff Golub	22
548	548	Jeff Lorber	26
549	549	Jefferson Airplane	24
550	550	Jenni Rivera	155
551	551	Jennifer Hudson	100
552	552	Jennifer Lopez	44
553	553	Jeremih	882
554	554	Jeremy Camp	876
555	555	Jeremy Riddle	40
556	556	Jerrod Niemann	469
557	557	Jesse Cook	56
558	558	Jesse McCartney	37
559	559	Jessica Andrews	25
560	560	Jessie J	40
561	561	Jessy J	99
562	562	Jet	79
563	563	Jethro Tull	19
564	564	Jewel	33
565	565	Jim Jones	57
566	566	Jimmy Buffett	70
567	567	Jimmy Cliff	56
568	568	Jimmy Eat World	90
569	569	Jimmy Wayne	24
570	570	Jo Dee Messina	68
571	571	Joan Jett & The Blackhearts	63
572	572	Joan Sebastian	237
573	573	Joe	20
574	574	Joe McBride	23
575	575	Joe Nichols	256
576	576	Joe Sample	24
577	577	Joe Walsh	53
578	578	Joey Montana	42
579	579	John Brown	37
580	580	John Cafferty & The Beaver Brown Band	24
581	581	John Cougar	145
582	582	John Cougar Mellencamp	46
583	583	John Fogerty	27
584	584	John Legend & The Roots	75
585	585	John Lennon	55
586	586	John Mayer	457
587	587	John Mellencamp	68
588	588	John Michael Montgomery	34
589	589	John Travolta & Olivia Newton-John	24
590	590	John Waite	39
591	591	John Waller	65
592	592	Johnny Paycheck	25
593	593	Jonathan Butler	38
594	594	Jonathan Nelson	99
595	595	Jonathan Tyler And The Northern Lights	36
596	596	Jonny Diaz	102
597	597	Jordin Sparks	28
598	598	Jose Feliciano	34
599	599	Josh Gracin	39
600	600	Josh Kelley	161
601	601	Josh Thompson	143
602	602	Josh Turner	533
603	603	Josh Wilson	397
604	604	Journey	403
605	605	Juan Gabriel	38
606	606	Juan Luis Guerra	166
607	607	Juanes	152
608	608	Judas Priest	138
609	609	Julio Fierro	65
610	610	Julion Alvarez	154
611	611	Julion Alvarez Y Su Norteno Banda	28
612	612	Justin Bieber	53
613	613	Justin Moore	254
614	614	Justin Timberlake	126
615	615	Juvenile	36
616	616	K'La	25
617	617	K-Paz De La Sierra	48
618	618	K.C. & The Sunshine Band	30
619	619	KT Tunstall	117
620	620	Kaipo Kapua	55
621	621	Kansas	86
622	622	Kanye West	883
623	623	Kanye West & Jay-Z	134
624	624	Kardinal Offishall	38
625	625	Katchafire	335
626	626	Katrina & The Waves	42
627	627	Katy Perry	1367
628	628	Ke$ha	538
629	629	Keith Anderson	31
630	630	Keith Urban	1135
631	631	Keith Whitley	22
632	632	Kellie Pickler	26
633	633	Kelly Clarkson	299
634	634	Kelly Price	21
635	635	Kelly Rowland	89
636	636	Kem	23
637	637	Kendra	73
638	638	Kenny Chesney	1510
639	639	Kenny Chesney With The Wailers	32
640	640	Kenny G	176
641	641	Kenny Lattimore	20
642	642	Kenny Loggins	32
643	643	Kenny Wayne Shepherd Band	31
644	644	Keri Hilson	659
645	645	Kerrie Roberts	24
646	646	Kes The Band	20
647	647	Kesha	67
648	648	Kevin LeVar & One Sound	20
649	649	Keyshia Cole	109
650	650	Kid Cudi	41
651	651	Kid Rock	271
652	652	Kim Waters	39
653	653	Kim Wilde	31
654	654	Kings Of Leon	273
655	655	Kirk Franklin	95
656	656	Kiss	68
657	657	Koa'uka	44
658	658	Kool & The Gang	50
659	659	Kopek	26
660	660	Korn	216
661	661	Kris Allen	155
662	662	Kumbia All Starz	20
663	663	Kutless	608
664	664	Kyle Wolverton	25
665	665	LMFAO	84
666	666	La Apuesta	21
667	667	La Arrolladora Banda El Limon	339
668	668	La Factoria	29
669	669	La Guera Y La Morena De Horoscopos De Durango	26
670	670	La Leyenda	78
671	671	La Mafia	43
672	672	La Numero 1 Banda Jerez	21
673	673	La Original Banda El Limon	114
674	674	La Original Banda Limon	53
675	675	La Roux	43
676	676	La Sonora Dinamita	20
677	677	Lady Antebellum	903
678	678	Lady Gaga	587
679	679	Laga Savea	42
680	680	Larry Carlton	22
681	681	Larry Coryell	26
682	682	Larry Hernandez	183
683	683	Laura Story	182
684	684	LeAnn Rimes	47
685	685	Led Zeppelin	729
686	686	Lee Ann Womack	65
687	687	Lee Brice	163
688	688	Lee Ritenour	27
689	689	Leeland	59
690	690	Lenny Kravitz	67
691	691	Leona Lewis	100
692	692	Liberacion	41
693	693	Lifehouse	457
694	694	Lil Wayne	1298
695	695	Lil' Jon & The Eastside Boyz	110
696	696	Limp Bizkit	52
697	697	Lincoln Brewster	325
698	698	Linkin Park	823
699	699	Lionel Richie	43
700	700	Lisa Loeb & Nine Stories	23
701	701	Lisa Page Brooks	45
702	702	Lisa Stansfield	21
703	703	Lit	67
704	704	Little Big Town	162
705	705	Live	130
706	706	Living Colour	49
707	707	Lloyd	246
708	708	Lloyd Banks	108
709	709	LoCash Cowboys	51
710	710	Local H	66
711	711	Lonestar	219
712	712	Los Angeles Azules	67
713	713	Los Angeles De Charly	46
714	714	Los Baron De Apodaca	28
715	715	Los Bukis	21
716	716	Los Cuates De Sinaloa	21
717	717	Los Elegidos	26
718	718	Los Felinos	20
719	719	Los Herederos De Nuevo Leon	44
720	720	Los Horoscopos De Durango	34
721	721	Los Humildes	42
722	722	Los Huracanes Del Norte	30
723	723	Los Inquietos Del Norte	54
724	724	Los Invasores De Nuevo Leon	176
725	725	Los Lonely Boys	40
726	726	Los Pikadientes De Caborca	21
727	727	Los Plebeyos	23
728	728	Los Rieleros Del Norte	198
729	729	Los Temerarios	20
730	730	Los Tigres Del Norte	219
731	731	Los Tiranos Del Norte	21
732	732	Los Traileros Del Norte	59
733	733	Los Tucanes De Tijuana	59
734	734	Love And Theft	22
735	735	Loverboy	23
736	736	Ludacris	83
737	737	Ludacris & Shawnna	35
738	738	Luke Bryan	664
739	739	Luminate	63
740	740	Lupe Fiasco	338
741	741	Lupillo Rivera	34
742	742	Luther Vandross	83
743	743	Lynyrd Skynyrd	233
744	744	MERCY ME	44
745	745	Mac Power, Brian Littrell, Steven Curtis Chapman & Mark Hall	21
746	746	Madonna	201
747	747	Mana	65
748	748	Manali'i	35
749	749	Mandisa	74
750	750	Manfred Mann's Earth Band	38
751	751	Mann	226
752	752	Maoli	454
753	753	Marc Anthony	37
754	754	Marc Antoine	51
755	755	Marc Cohn	49
756	756	Marcy Playground	43
757	757	Mariah Carey	91
758	758	Mariano Barba	30
759	759	Marilyn Manson	101
760	760	Mario	81
761	761	Mario El Cahorro Delgado	34
762	762	Marisela	42
763	763	Mark Schultz	138
764	764	Mark Wills	46
765	765	Maroon 5	407
766	766	Marsha Ambrosius	97
767	767	Martin Solveig	21
768	768	Martina McBride	192
769	769	Marvin Gaye	192
770	770	Marvin Sapp	95
771	771	Mary J. Blige	23
772	772	Mary Mary	222
773	773	Mat Kearney	71
774	774	Matchbox Twenty	126
775	775	Matt Maher	317
776	776	Matt Nathanson	116
777	777	Matthew West	540
778	778	Maurette Brown Clark	21
779	779	Maxi Priest	36
780	780	Megadeth	65
781	781	Mel Mcdaniel	46
782	782	Melanie Fiona	48
783	783	Melissa Etheridge	73
784	784	Melody Gardot	35
785	785	Men At Work	26
786	786	MercyMe	1065
787	787	Meredith Andrews	84
788	788	Metallica	950
789	789	Micah G	125
790	790	Michael Buble	242
791	791	Michael Franti & Spearhead	94
792	792	Michael Jackson	163
793	793	Michael McDonald	88
794	794	Michael Salgado	22
795	795	Michael W. Smith	60
796	796	Middle Class Rut	159
797	797	Miguel	219
798	798	Mike Phillips	23
799	799	Mike Posner	316
800	800	Mikeschair	121
801	801	Miley Cyrus	64
802	802	Mindi Abair	66
803	803	Mindi Abrir	40
804	804	Mindless Behavior	94
805	805	Miranda Lambert	698
806	806	Mississippi Mass Choir	104
807	807	Modern English	69
808	808	Molly Hatchet	24
809	809	Monster Magnet	21
810	810	Montgomery Gentry	346
811	811	Motley Crue	331
812	812	Mountain	24
813	813	Mr. Big	20
814	814	Mr. Mister	31
815	815	Mudvayne	234
816	816	Mumford & Sons	268
817	817	Muse	198
818	818	Musical Youth	55
819	819	My Chemical Romance	117
820	820	My Darkest Days	169
821	821	Najee	44
822	822	Naked Eyes	46
823	823	Napoleon	21
824	824	Nat  King  Cole	33
825	825	Natalie Cole	33
826	826	Natalie Grant	201
827	827	Natalie Imbruglia	59
828	828	Natasha Bedingfield	128
829	829	Nate Najar And Melba Moore	25
830	830	Natural Vibrations	237
831	831	Nazareth	29
832	832	Ne-Yo	324
833	833	Needtobreathe	204
834	834	Nelly	649
835	835	Nelly Furtado	81
836	836	Neon Trees	343
837	837	New Boyz	296
838	838	New Radicals	20
839	839	Newsboys	407
840	840	Newworldson	72
841	841	Nichole Nordeman	87
842	842	Nick Colionne	21
843	843	Nickelback	276
844	844	Nicki Minaj	1693
845	845	Nicole C. Mullen	94
846	846	Night Ranger	24
847	847	Nils	97
848	848	Nine Inch Nails	140
849	849	Nirvana	660
850	850	Nite Flyte	21
851	851	No Doubt	113
852	852	Norah Jones	135
853	853	Norman Brown	99
854	854	Norman Greenbaum	36
855	855	Nota	37
856	856	O.A.R.	39
857	857	Oasis	45
858	858	Off With Their Heads	32
859	859	Oli Silk	42
860	860	One Groove	262
861	861	OneRepublic	186
862	862	OneRepublic & Timbaland	95
863	863	Ooklah The Moc	32
864	864	Orchestral Manoeuvres In The Dark	49
865	865	Orianthi	23
866	866	Orleans	36
867	867	Otis Redding	41
868	868	Outkast	76
869	869	Owl City	38
870	870	Ozzy Osbourne	529
871	871	P.O.D.	69
872	872	PATI	23
873	873	Palomo	112
874	874	Pantera	74
875	875	Papa Roach	308
876	876	Passion Worship Band	50
877	877	Pat Benatar	160
878	878	Patrice Rushen	22
879	879	Paty Cantu	29
880	880	Paul Baloche	24
881	881	Paul Brown	53
882	882	Paul Brown & Marc Antoine	43
883	883	Paul Hardcastle	58
884	884	Paul Jackson, Jr.	21
885	885	Paul McCartney	23
886	886	Paul McCartney & Wings	28
887	887	Paul Simon	57
888	888	Paul Taylor	80
889	889	Paul Young	26
890	890	Paula Abdul	21
891	891	Paula Cole	25
892	892	Pearl Jam	615
893	893	Pedro Fernandez	70
894	894	Pepe Aguilar	55
895	895	Pequenos Musical	49
896	896	Pesado	231
897	897	Peter Frampton	71
898	898	Peter Gabriel	90
899	899	Peter White	116
900	900	Peter, Bjorn & John	21
901	901	Phil Collins	186
902	902	Phil Vassar	21
903	903	Phil Wickham	43
904	904	Phillips Craig and Dean	31
905	905	Phillips, Craig & Dean	448
906	906	Phoenix	107
907	907	Pink	726
908	908	Pink Floyd	706
909	909	Pitbull	736
910	910	Plain White T's	223
911	911	Plan B	34
912	912	Player	40
913	913	Plies	33
914	914	Plumb	22
915	915	Pohaku	27
916	916	Poison	54
917	917	Pop Evil	57
918	918	Positive Motion	171
919	919	Powerman 5000	24
920	920	Praful	25
921	921	Primus	30
922	922	Prince	53
923	923	Prince & The Revolution	54
924	924	Prince Royce	229
925	925	Principez De La Musica Nortena	21
926	926	Puddle Of Mudd	175
927	927	Puff Daddy & The Family	36
928	928	Queen	378
929	929	Queens Of The Stone Age	38
930	930	Queensryche	23
931	931	Quiet Riot	83
932	932	R. Kelly	50
933	933	R.E.M.	131
934	934	REO Speedwagon	114
935	935	Radiohead	51
936	936	Rage Against The Machine	337
937	937	Ram Jam	19
938	938	Ramon Ayala Y Sus Bravos Del Norte	279
939	939	Ramsey Lewis	24
940	940	Randy Houser	81
941	941	Randy Montana	58
942	942	Randy Travis	44
943	943	Rascal Flatts	903
944	944	Ratt	61
945	945	Ray J	44
946	946	Ray Lamontagne & The Pariah Dogs	36
947	947	Ray Parker, Jr.	21
948	948	Reba	288
949	949	Reba McEntire	49
950	950	Red Line Chemistry	44
951	951	Red Rider	26
952	952	Remedy Drive	39
953	953	Restless Heart	22
954	954	Rev Theory	31
955	955	Revive	106
956	956	Reyes De Arranque	28
957	957	Richard Elliot	82
958	958	Richard Marx	29
959	959	Rick Braun	71
960	960	Rick Ross	499
961	961	Rick Springfield	57
962	962	Ricky Dillard & New G	27
963	963	Ricky Martin	163
964	964	Rigo Tovar Y Su Costa Azul	22
965	965	Rihanna	2046
966	966	Rise Against	407
967	967	Rob Thomas	204
968	968	Rob Zombie	112
969	969	Robbie Seay Band	35
970	970	Robert Palmer	24
971	971	Robert Plant	21
972	972	Roberto Pulido	24
973	973	Roberto Tapia	95
974	974	Robin Thicke	29
975	975	Rocko	23
976	976	Rod Stewart	102
977	977	Rodney Atkins	450
978	978	Ronnie Dunn	245
979	979	Ronny Jordan	24
980	980	Roxette	37
981	981	Roy Orbison	21
982	982	Rufus & Chaka Khan	35
983	983	Rupert Holmes	41
984	984	Rush	226
985	985	Rush Of Fools	46
986	986	Ryan Star	25
987	987	Sade	175
988	988	Saliva	68
989	989	Salomon Robles Y Sus Legendarios	29
990	990	Salvador	45
991	991	Sammy Hagar	38
992	992	Sammy Kershaw	22
993	993	Sanctus Real	382
994	994	Santana	284
995	995	Sara Bareilles	299
996	996	Sara Evans	320
997	997	Sarah McLachlan	96
998	998	Saul 'El Jaguar' Alarcon	22
999	999	Savage Garden	27
1000	1000	Saving Abel	136
1001	1001	Say Anything	21
1002	1002	Scars On 45	35
1003	1003	Scary Kids Scaring Kids	26
1004	1004	Scorpions	191
1005	1005	Seal	144
1006	1006	Seals & Crofts	44
1007	1007	Sean Garrett	103
1008	1008	Sean Kingston	164
1009	1009	Sean Paul	83
1010	1010	Seether	286
1011	1011	Selah	110
1012	1012	Selena	41
1013	1013	Serani	20
1014	1014	Sergio Vega	59
1015	1015	Sergio Vega 'El Shaka'	42
1016	1016	Seven Mary Three	68
1017	1017	Sevendust	20
1018	1018	Shaila Durcal	29
1019	1019	Shakira	340
1020	1020	Shania Twain	72
1021	1021	Shannon	19
1022	1022	Shekinah Glory Ministry	60
1023	1023	Shenandoah	20
1024	1024	Sheryl Crow	123
1025	1025	Shinedown	513
1026	1026	Sick Puppies	351
1027	1027	Sidewalk Prophets	175
1028	1028	Sie7e	80
1029	1029	Siggno	69
1030	1030	Silverchair	38
1031	1031	Silversun Pickups	69
1032	1032	Simple Minds	70
1033	1033	Sister Hazel	32
1034	1034	Sister Nancy	21
1035	1035	Sixpence None The Richer	49
1036	1036	Sixteen Cities	45
1037	1037	Sixx A.M.	104
1038	1038	Skid Row	87
1039	1039	Skillet	259
1040	1040	Slash	23
1041	1041	Slim Thug	29
1042	1042	Slipknot	203
1043	1043	Smash Mouth	37
1044	1044	Smashing Pumpkins	427
1045	1045	Snoop Dogg	124
1046	1046	Snow Patrol	61
1047	1047	Social Distortion	96
1048	1048	Socios Del Ritmo	44
1049	1049	Soft Cell	99
1050	1050	Solido	41
1051	1051	Sonicflood	99
1052	1052	Sophie B. Hawkins	28
1053	1053	Soul Smooth	31
1054	1054	Soulja Boy	62
1055	1055	Soundgarden	448
1056	1056	Spacehog	24
1057	1057	Spandau Ballet	41
1058	1058	Spencer Day	28
1059	1059	Spin Doctors	40
1060	1060	Sponge	26
1061	1061	Spyro Gyra	26
1062	1062	Stabbing Westward	32
1063	1063	Staind	228
1064	1064	Stealers Wheel	30
1065	1065	Steel Magnolia	136
1066	1066	Steel Pulse	87
1067	1067	Steely Dan	138
1068	1068	Stellar Kart	37
1069	1069	Stephen Stills	29
1070	1070	Steppenwolf	88
1071	1071	Steve Azar	52
1072	1072	Steve Cole	46
1073	1073	Steve Holy	162
1074	1074	Steve Oliver	92
1075	1075	Steve Perry	46
1076	1076	Steve Winwood	60
1077	1077	Steven Curtis Chapman	117
1078	1078	Stevie Nicks	106
1079	1079	Stevie Ray Vaughan & Double Trouble	110
1080	1080	Stevie Wonder	178
1081	1081	Sting	47
1082	1082	Stone Sour	454
1083	1083	Stone Temple Pilots	685
1084	1084	StorySid	23
1085	1085	Street Dogs	29
1086	1086	Styx	97
1087	1087	Sublime	251
1088	1088	Sugar Ray	62
1089	1089	Sugarland	718
1090	1090	Sunny Sweeney	200
1091	1091	Super Mer Ka 2	26
1092	1092	Superchic[K]	32
1093	1093	Supertramp	88
1094	1094	Switchfoot	340
1095	1095	System Of A Down	188
1096	1096	T-Pain	129
1097	1097	T. Rex	34
1098	1098	T.I.	338
1099	1099	TLC	47
1100	1100	TTYM	27
1101	1101	Taio Cruz	589
1102	1102	Talking Heads	39
1103	1103	Tank	26
1104	1104	Tanto Metro & Devonte	20
1105	1105	Tanya Stephens	25
1106	1106	Tarrus Riley	133
1107	1107	Taylor Swift	1105
1108	1108	Tears For Fears	43
1109	1109	Ted Nugent	60
1110	1110	Tejano Boys	22
1111	1111	Temple Of The Dog	76
1112	1112	Ten Feet	47
1113	1113	Tenth Avenue North	538
1114	1114	Terence Trent D'Arby	32
1115	1115	Terror Squad	20
1116	1116	Tesla	65
1117	1117	The 4 Seasons	38
1118	1118	The Afters	351
1119	1119	The Airborne Toxic Event	48
1120	1120	The All-American Rejects	69
1121	1121	The Allman Brothers Band	32
1122	1122	The Arcade Fire	42
1123	1123	The Art Of Noise	30
1124	1124	The Average White Band	24
1125	1125	The B-52s	20
1126	1126	The Band Perry	403
1127	1127	The Beach Boys	45
1128	1128	The Beastie Boys	289
1129	1129	The Beatles	105
1130	1130	The Bee Gees	48
1131	1131	The Bellamy Brothers	50
1132	1132	The Black Crowes	156
1133	1133	The Black Keys	334
1134	1134	The Calling	58
1135	1135	The Cardigans	25
1136	1136	The Cars	93
1137	1137	The Charlie Daniels Band	33
1138	1138	The Christian Angels	29
1139	1139	The City Harmonic	50
1140	1140	The Clash	70
1141	1141	The Commodores	35
1142	1142	The Cranberries	37
1143	1143	The Cult	50
1144	1144	The Cure	48
1145	1145	The Damned Things	36
1146	1146	The Decemberists	49
1147	1147	The Dirty Edge	88
1148	1148	The Doobie Brothers	187
1149	1149	The Doors	114
1150	1150	The Dream	50
1151	1151	The Eagles	376
1152	1152	The Edgar Winter Group	52
1153	1153	The Electric Light Orchestra	83
1154	1154	The Emotions	33
1155	1155	The Fray	195
1156	1156	The Fugees	44
1157	1157	The Game	22
1158	1158	The Gaslight Anthem	19
1159	1159	The Get Up Kids	77
1160	1160	The Gracious Few	62
1161	1161	The Green Band	126
1162	1162	The Greg Kihn Band	20
1163	1163	The Guess Who	59
1164	1164	The Hollies	40
1165	1165	The Human League	44
1166	1166	The J. Geils Band	36
1167	1167	The JaneDear Girls	150
1168	1168	The Jazzmasters	64
1169	1169	The Jeff Lorber Fusion	39
1170	1170	The Jimi Hendrix Experience	237
1171	1171	The Judds	20
1172	1172	The Killers	90
1173	1173	The Kinks	23
1174	1174	The Mana'o Company	22
1175	1175	The Matches	26
1176	1176	The Monkees	20
1177	1177	The Museum	53
1178	1178	The Newsboys	206
1179	1179	The Nitty Gritty Dirt Band	30
1180	1180	The Notorious B.I.G.	193
1181	1181	The Offspring	388
1182	1182	The Philippe Saisse Trio	22
1183	1183	The Police	279
1184	1184	The Pretenders	83
1185	1185	The Ramones	22
1186	1186	The Ramsey Lewis Trio	20
1187	1187	The Ready Set	20
1188	1188	The Red Hot Chili Peppers	768
1189	1189	The Rippingtons	55
1190	1190	The Rolling Stones	375
1191	1191	The Romantics	45
1192	1192	The Script	342
1193	1193	The Slackers	26
1194	1194	The Spinners	43
1195	1195	The Steve Miller Band	227
1196	1196	The Stray Cats	23
1197	1197	The Strokes	51
1198	1198	The Temper Trap	25
1199	1199	The Temptations	40
1200	1200	The Unseen	27
1201	1201	The Verve	28
1202	1202	The Wallflowers	28
1203	1203	The White Stripes	49
1204	1204	The Who	147
1205	1205	The Wonder Years	56
1206	1206	The Zombies	21
1207	1207	Theory Of A Deadman	67
1208	1208	Thin Lizzy	22
1209	1209	Third Day	624
1210	1210	Third Eye Blind	34
1211	1211	Thirty Seconds To Mars	196
1212	1212	Thompson Square	377
1213	1213	Three Days Grace	699
1214	1214	Three Plus	89
1215	1215	Tierra Cali	138
1216	1216	Tim Bowman	88
1217	1217	Tim McGraw	990
1218	1218	Tim McGraw & Gwyneth Paltrow	20
1219	1219	Tim Rogers & The Fellas	27
1220	1220	Timbaland	59
1221	1221	Tina Turner	47
1222	1222	Tinie Tempah	189
1223	1223	Tired Pony	32
1224	1224	Titanes De Durango	42
1225	1225	Tito 'El Bambino'	221
1226	1226	Toadies	61
1227	1227	Toby Keith	1094
1228	1228	Toby Mac	42
1229	1229	TobyMac	640
1230	1230	Todd Agnew	82
1231	1231	Tom Cochrane	42
1232	1232	Tom Petty	179
1233	1233	Tom Petty & The Heartbreakers	163
1234	1234	Tommy Tutone	39
1235	1235	Toni Braxton	22
1236	1236	Tonic	31
1237	1237	Tono Y Freddy	27
1238	1238	Tool	332
1239	1239	Toto	41
1240	1240	Trace Adkins	318
1241	1241	Tracy Byrd	103
1242	1242	Tracy Chapman	88
1243	1243	Tracy Lawrence	47
1244	1244	Train	588
1245	1245	Trans-Siberian Orchestra	20
1246	1246	Trapt	83
1247	1247	Travie McCoy	114
1248	1248	Travis Porter	92
1249	1249	Travis Tritt	49
1250	1250	Treal Lee & Prince Rick	22
1251	1251	Tree63	97
1252	1252	Trey Songz	931
1253	1253	Trin-I-Tee 	43
1254	1254	Trisha Yearwood	23
1255	1255	Troy Sneed	102
1256	1256	Twista	283
1257	1257	Twisted Sister	33
1258	1258	Tye Tribbett	88
1259	1259	U2	351
1260	1260	UB40	212
1261	1261	US3	28
1262	1262	Uncle Kracker	368
1263	1263	Unk	26
1264	1264	Usher	1180
1265	1265	VaShawn Mitchell	69
1266	1266	Vagon Chicano	52
1267	1267	Valentin Elizalde	21
1268	1268	Van Halen	668
1269	1269	Van Morrison	115
1270	1270	Vanessa Bell Armstrong	25
1271	1271	Vanessa Carlton	27
1272	1272	Vanessa Williams	23
1273	1273	Vertical Horizon	38
1274	1274	Vicente Fernandez	285
1275	1275	Vicente Garcia	28
1276	1276	Viento Y Sol	20
1277	1277	Violent Femmes	20
1278	1278	Violento	154
1279	1279	Voz De Mando	95
1280	1280	WEBN	87
1281	1281	Waka Flocka Flame	760
1282	1282	Walter Beasley	44
1283	1283	War	32
1284	1284	Warren Bernhardt	26
1285	1285	Warren Caldwell	21
1286	1286	Warren Hill	20
1287	1287	Warren Zevon	36
1288	1288	Waylon Jennings & Willie Nelson	21
1289	1289	Wayman Tisdale	41
1290	1290	We Came As Romans	30
1291	1291	Webbie	49
1292	1292	Weezer	172
1293	1293	Wences Romo	32
1294	1294	Wes Montgomery	22
1295	1295	Wess Morgan	78
1296	1296	Wham!	40
1297	1297	When In Rome	25
1298	1298	White Zombie	131
1299	1299	Whitesnake	70
1300	1300	Whitney Houston	21
1301	1301	Will.I.Am	121
1302	1302	William McDowell	60
1303	1303	Willie Nelson	20
1304	1304	Willow	120
1305	1305	Wilson Phillips	21
1306	1306	Wisin & Yandel	182
1307	1307	Wisin &amp; Yandel	19
1308	1308	Wiz Khalifa	929
1309	1309	YC	191
1310	1310	YG	96
1311	1311	Yes	23
1312	1312	Ying Yang Twins	26
1313	1313	Yo Gotti	33
1314	1314	Young Jeezy	29
1315	1315	Young Money	85
1316	1316	Young The Giant	105
1317	1317	Youngbloodz	21
1318	1318	Yung Joc	24
1319	1319	Yvonne Elliman	25
1320	1320	ZZ Top	264
1321	1321	Zac Brown	103
1322	1322	Zac Brown Band	903
1323	1323	Zacc Kekona	24
1324	1324	Zachary Breaux	22
1325	1325	Zion & Lennox	60
